model,accuracy,logloss,auc,brier_score,race_top1,race_top3,total_races
Baseline_RF,0.9,0.3951416893445919,0.34567901234567905,0.10572172808006819,0.0,0.0,3
Advanced_RF,0.9,0.3937051817330483,0.34156378600823045,0.10235092701773658,0.0,0.3333333333333333,3
